PITC Year,ACS Year,CoC Number,CoC Name,Type of Count,Total CoC Homeless,Total CoC Unsheltered Homeless,PITC Demographic,demographic homeless,demographic unsheltered
2020,2020,CA-502,"Oakland, Berkeley/Alameda County CoC",Sheltered-Only Count,8137.0,6312.0,Non-Hispanic/Non-Latino,6676.0,5227.0
2020,2020,CA-503,Sacramento City & County CoC,Sheltered-Only Count,5511.0,3900.0,Non-Hispanic/Non-Latino,4534.0,3237.0
2020,2020,CA-600,Los Angeles City & County CoC,Sheltered and unsheltered,63706.0,46090.0,Non-Hispanic/Non-Latino,40701.0,29364.0
2020,2020,CA-601,San Diego City and County CoC,Sheltered and unsheltered,7638.0,3971.0,Non-Hispanic/Non-Latino,5443.0,2872.0
2020,2020,OR-501,"Portland, Gresham/Multnomah County CoC",Sheltered-Only Count,4173.0,2037.0,Non-Hispanic/Non-Latino,3764.0,1861.0
2020,2020,WA-500,Seattle/King County CoC,Sheltered and unsheltered,11751.0,5578.0,Non-Hispanic/Non-Latino,10034.0,4725.0
2019,2019,CA-502,"Oakland, Berkeley/Alameda County CoC",Sheltered and unsheltered,8022.0,6312.0,Non-Hispanic/Non-Latino,6635.0,5227.0
2019,2019,CA-503,Sacramento City & County CoC,Sheltered and unsheltered,5561.0,3900.0,Non-Hispanic/Non-Latino,4576.0,3237.0
2019,2019,CA-600,Los Angeles City & County CoC,Sheltered and unsheltered,56257.0,42471.0,Non-Hispanic/Non-Latino,35734.0,26584.0
2019,2019,CA-601,San Diego City and County CoC,Sheltered and unsheltered,8102.0,4476.0,Non-Hispanic/Non-Latino,5750.0,3267.0
2019,2019,OR-501,"Portland, Gresham/Multnomah County CoC",Sheltered and unsheltered,4015.0,2037.0,Non-Hispanic/Non-Latino,3633.0,1861.0
2019,2019,WA-500,Seattle/King County CoC,Sheltered and unsheltered,11199.0,5228.0,Non-Hispanic/Non-Latino,9567.0,4409.0
2018,2019,CA-502,"Oakland, Berkeley/Alameda County CoC",Sheltered-Only Count,5496.0,3863.0,Non-Hispanic/Non-Latino,4567.0,3240.0
2018,2019,CA-503,Sacramento City & County CoC,Sheltered-Only Count,3621.0,2052.0,Non-Hispanic/Non-Latino,2944.0,1682.0
2018,2019,CA-600,Los Angeles City & County CoC,Sheltered and unsheltered,49955.0,37570.0,Non-Hispanic/Non-Latino,32415.0,24713.0
2018,2019,CA-601,San Diego City and County CoC,Sheltered and unsheltered,8576.0,4990.0,Non-Hispanic/Non-Latino,6218.0,3831.0
2018,2019,OR-501,"Portland, Gresham/Multnomah County CoC",Sheltered-Only Count,4019.0,1668.0,Non-Hispanic/Non-Latino,3564.0,1486.0
2018,2019,WA-500,Seattle/King County CoC,Sheltered and unsheltered,12112.0,6320.0,Non-Hispanic/Non-Latino,10242.0,5246.0
2017,2019,CA-502,"Oakland, Berkeley/Alameda County CoC",Sheltered and unsheltered,5629.0,3863.0,Non-Hispanic/Non-Latino,4677.0,3240.0
2017,2019,CA-503,Sacramento City & County CoC,Sheltered and unsheltered,3665.0,2052.0,Non-Hispanic/Non-Latino,3009.0,1682.0
2017,2019,CA-600,Los Angeles City & County CoC,Sheltered and unsheltered,52442.0,38470.0,Non-Hispanic/Non-Latino,34087.0,24535.0
2017,2019,CA-601,San Diego City and County CoC,Sheltered and unsheltered,9160.0,5621.0,Non-Hispanic/Non-Latino,6678.0,4346.0
2017,2019,OR-501,"Portland, Gresham/Multnomah County CoC",Sheltered and unsheltered,4177.0,1668.0,Non-Hispanic/Non-Latino,3709.0,1486.0
2017,2019,WA-500,Seattle/King County CoC,Sheltered and unsheltered,11643.0,5485.0,Non-Hispanic/Non-Latino,10045.0,4725.0
2016,2019,CA-502,"Oakland, Berkeley/Alameda County CoC",Sheltered-Only Count,4145.0,2397.0,Non-Hispanic/Non-Latino,3327.0,1957.0
2016,2019,CA-503,Sacramento City & County CoC,Sheltered-Only Count,2500.0,948.0,Non-Hispanic/Non-Latino,2119.0,795.0
2016,2019,CA-600,Los Angeles City & County CoC,Sheltered and unsheltered,43854.0,32781.0,Non-Hispanic/Non-Latino,31993.0,24470.0
2016,2019,CA-601,San Diego City and County CoC,Sheltered and unsheltered,8669.0,4940.0,Non-Hispanic/Non-Latino,6200.0,3773.0
2016,2019,OR-501,"Portland, Gresham/Multnomah County CoC",Sheltered-Only Count,3914.0,1887.0,Non-Hispanic/Non-Latino,3485.0,1684.0
2016,2019,WA-500,Seattle/King County CoC,Sheltered and unsheltered,10730.0,4505.0,Non-Hispanic/Non-Latino,9233.0,3961.0
2015,2019,CA-502,"Oakland, Berkeley/Alameda County CoC",Sheltered and unsheltered,4040.0,2397.0,Non-Hispanic/Non-Latino,3280.0,1957.0
2015,2019,CA-503,Sacramento City & County CoC,Sheltered and unsheltered,2659.0,948.0,Non-Hispanic/Non-Latino,2208.0,795.0
2015,2019,CA-600,Los Angeles City & County CoC,Sheltered and unsheltered,41174.0,28948.0,Non-Hispanic/Non-Latino,30076.0,22050.0
2015,2019,CA-601,San Diego City and County CoC,Sheltered and unsheltered,8742.0,4156.0,Non-Hispanic/Non-Latino,6332.0,3247.0
2015,2019,OR-501,"Portland, Gresham/Multnomah County CoC",Sheltered and unsheltered,3801.0,1887.0,Non-Hispanic/Non-Latino,3376.0,1684.0
2015,2019,WA-500,Seattle/King County CoC,Sheltered and unsheltered,10122.0,3803.0,Non-Hispanic/Non-Latino,8803.0,3248.0
2020,2020,CA-502,"Oakland, Berkeley/Alameda County CoC",Sheltered-Only Count,8137.0,6312.0,Hispanic/Latino,1461.0,1085.0
2020,2020,CA-503,Sacramento City & County CoC,Sheltered-Only Count,5511.0,3900.0,Hispanic/Latino,977.0,663.0
2020,2020,CA-600,Los Angeles City & County CoC,Sheltered and unsheltered,63706.0,46090.0,Hispanic/Latino,23005.0,16726.0
2020,2020,CA-601,San Diego City and County CoC,Sheltered and unsheltered,7638.0,3971.0,Hispanic/Latino,2195.0,1099.0
2020,2020,OR-501,"Portland, Gresham/Multnomah County CoC",Sheltered-Only Count,4173.0,2037.0,Hispanic/Latino,409.0,176.0
2020,2020,WA-500,Seattle/King County CoC,Sheltered and unsheltered,11751.0,5578.0,Hispanic/Latino,1717.0,853.0
2019,2019,CA-502,"Oakland, Berkeley/Alameda County CoC",Sheltered and unsheltered,8022.0,6312.0,Hispanic/Latino,1387.0,1085.0
2019,2019,CA-503,Sacramento City & County CoC,Sheltered and unsheltered,5561.0,3900.0,Hispanic/Latino,985.0,663.0
2019,2019,CA-600,Los Angeles City & County CoC,Sheltered and unsheltered,56257.0,42471.0,Hispanic/Latino,20523.0,15887.0
2019,2019,CA-601,San Diego City and County CoC,Sheltered and unsheltered,8102.0,4476.0,Hispanic/Latino,2352.0,1209.0
2019,2019,OR-501,"Portland, Gresham/Multnomah County CoC",Sheltered and unsheltered,4015.0,2037.0,Hispanic/Latino,382.0,176.0
2019,2019,WA-500,Seattle/King County CoC,Sheltered and unsheltered,11199.0,5228.0,Hispanic/Latino,1632.0,819.0
2018,2019,CA-502,"Oakland, Berkeley/Alameda County CoC",Sheltered-Only Count,5496.0,3863.0,Hispanic/Latino,929.0,623.0
2018,2019,CA-503,Sacramento City & County CoC,Sheltered-Only Count,3621.0,2052.0,Hispanic/Latino,677.0,370.0
2018,2019,CA-600,Los Angeles City & County CoC,Sheltered and unsheltered,49955.0,37570.0,Hispanic/Latino,17540.0,12857.0
2018,2019,CA-601,San Diego City and County CoC,Sheltered and unsheltered,8576.0,4990.0,Hispanic/Latino,2358.0,1159.0
2018,2019,OR-501,"Portland, Gresham/Multnomah County CoC",Sheltered-Only Count,4019.0,1668.0,Hispanic/Latino,455.0,182.0
2018,2019,WA-500,Seattle/King County CoC,Sheltered and unsheltered,12112.0,6320.0,Hispanic/Latino,1870.0,1074.0
2017,2019,CA-502,"Oakland, Berkeley/Alameda County CoC",Sheltered and unsheltered,5629.0,3863.0,Hispanic/Latino,952.0,623.0
2017,2019,CA-503,Sacramento City & County CoC,Sheltered and unsheltered,3665.0,2052.0,Hispanic/Latino,656.0,370.0
2017,2019,CA-600,Los Angeles City & County CoC,Sheltered and unsheltered,52442.0,38470.0,Hispanic/Latino,18355.0,13935.0
2017,2019,CA-601,San Diego City and County CoC,Sheltered and unsheltered,9160.0,5621.0,Hispanic/Latino,2482.0,1275.0
2017,2019,OR-501,"Portland, Gresham/Multnomah County CoC",Sheltered and unsheltered,4177.0,1668.0,Hispanic/Latino,468.0,182.0
2017,2019,WA-500,Seattle/King County CoC,Sheltered and unsheltered,11643.0,5485.0,Hispanic/Latino,1598.0,760.0
2016,2019,CA-502,"Oakland, Berkeley/Alameda County CoC",Sheltered-Only Count,4145.0,2397.0,Hispanic/Latino,818.0,440.0
2016,2019,CA-503,Sacramento City & County CoC,Sheltered-Only Count,2500.0,948.0,Hispanic/Latino,381.0,153.0
2016,2019,CA-600,Los Angeles City & County CoC,Sheltered and unsheltered,43854.0,32781.0,Hispanic/Latino,11861.0,8311.0
2016,2019,CA-601,San Diego City and County CoC,Sheltered and unsheltered,8669.0,4940.0,Hispanic/Latino,2469.0,1167.0
2016,2019,OR-501,"Portland, Gresham/Multnomah County CoC",Sheltered-Only Count,3914.0,1887.0,Hispanic/Latino,429.0,203.0
2016,2019,WA-500,Seattle/King County CoC,Sheltered and unsheltered,10730.0,4505.0,Hispanic/Latino,1497.0,544.0
2015,2019,CA-502,"Oakland, Berkeley/Alameda County CoC",Sheltered and unsheltered,4040.0,2397.0,Hispanic/Latino,760.0,440.0
2015,2019,CA-503,Sacramento City & County CoC,Sheltered and unsheltered,2659.0,948.0,Hispanic/Latino,451.0,153.0
2015,2019,CA-600,Los Angeles City & County CoC,Sheltered and unsheltered,41174.0,28948.0,Hispanic/Latino,11098.0,6898.0
2015,2019,CA-601,San Diego City and County CoC,Sheltered and unsheltered,8742.0,4156.0,Hispanic/Latino,2410.0,909.0
2015,2019,OR-501,"Portland, Gresham/Multnomah County CoC",Sheltered and unsheltered,3801.0,1887.0,Hispanic/Latino,425.0,203.0
2015,2019,WA-500,Seattle/King County CoC,Sheltered and unsheltered,10122.0,3803.0,Hispanic/Latino,1319.0,555.0
2020,2020,CA-502,"Oakland, Berkeley/Alameda County CoC",Sheltered-Only Count,8137.0,6312.0,White,2586.0,2110.0
2020,2020,CA-503,Sacramento City & County CoC,Sheltered-Only Count,5511.0,3900.0,White,2566.0,1768.0
2020,2020,CA-600,Los Angeles City & County CoC,Sheltered and unsheltered,63706.0,46090.0,White,29236.0,21854.0
2020,2020,CA-601,San Diego City and County CoC,Sheltered and unsheltered,7638.0,3971.0,White,5057.0,2815.0
2020,2020,OR-501,"Portland, Gresham/Multnomah County CoC",Sheltered-Only Count,4173.0,2037.0,White,2858.0,1388.0
2020,2020,WA-500,Seattle/King County CoC,Sheltered and unsheltered,11751.0,5578.0,White,5658.0,2896.0
2019,2019,CA-502,"Oakland, Berkeley/Alameda County CoC",Sheltered and unsheltered,8022.0,6312.0,White,2516.0,2110.0
2019,2019,CA-503,Sacramento City & County CoC,Sheltered and unsheltered,5561.0,3900.0,White,2605.0,1768.0
2019,2019,CA-600,Los Angeles City & County CoC,Sheltered and unsheltered,56257.0,42471.0,White,26152.0,20446.0
2019,2019,CA-601,San Diego City and County CoC,Sheltered and unsheltered,8102.0,4476.0,White,5377.0,3100.0
2019,2019,OR-501,"Portland, Gresham/Multnomah County CoC",Sheltered and unsheltered,4015.0,2037.0,White,2704.0,1388.0
2019,2019,WA-500,Seattle/King County CoC,Sheltered and unsheltered,11199.0,5228.0,White,4742.0,2277.0
2018,2019,CA-502,"Oakland, Berkeley/Alameda County CoC",Sheltered-Only Count,5496.0,3863.0,White,1630.0,1240.0
2018,2019,CA-503,Sacramento City & County CoC,Sheltered-Only Count,3621.0,2052.0,White,1800.0,1070.0
2018,2019,CA-600,Los Angeles City & County CoC,Sheltered and unsheltered,49955.0,37570.0,White,24620.0,19095.0
2018,2019,CA-601,San Diego City and County CoC,Sheltered and unsheltered,8576.0,4990.0,White,5587.0,3256.0
2018,2019,OR-501,"Portland, Gresham/Multnomah County CoC",Sheltered-Only Count,4019.0,1668.0,White,2798.0,1225.0
2018,2019,WA-500,Seattle/King County CoC,Sheltered and unsheltered,12112.0,6320.0,White,5789.0,3308.0
2017,2019,CA-502,"Oakland, Berkeley/Alameda County CoC",Sheltered and unsheltered,5629.0,3863.0,White,1710.0,1240.0
2017,2019,CA-503,Sacramento City & County CoC,Sheltered and unsheltered,3665.0,2052.0,White,1817.0,1070.0
2017,2019,CA-600,Los Angeles City & County CoC,Sheltered and unsheltered,52442.0,38470.0,White,21089.0,15535.0
2017,2019,CA-601,San Diego City and County CoC,Sheltered and unsheltered,9160.0,5621.0,White,5700.0,3405.0
2017,2019,OR-501,"Portland, Gresham/Multnomah County CoC",Sheltered and unsheltered,4177.0,1668.0,White,2880.0,1225.0
2017,2019,WA-500,Seattle/King County CoC,Sheltered and unsheltered,11643.0,5485.0,White,5253.0,2668.0
2016,2019,CA-502,"Oakland, Berkeley/Alameda County CoC",Sheltered-Only Count,4145.0,2397.0,White,1332.0,898.0
2016,2019,CA-503,Sacramento City & County CoC,Sheltered-Only Count,2500.0,948.0,White,1365.0,652.0
2016,2019,CA-600,Los Angeles City & County CoC,Sheltered and unsheltered,43854.0,32781.0,White,23215.0,17652.0
2016,2019,CA-601,San Diego City and County CoC,Sheltered and unsheltered,8669.0,4940.0,White,5464.0,2986.0
2016,2019,OR-501,"Portland, Gresham/Multnomah County CoC",Sheltered-Only Count,3914.0,1887.0,White,2638.0,1363.0
2016,2019,WA-500,Seattle/King County CoC,Sheltered and unsheltered,10730.0,4505.0,White,4969.0,2278.0
2015,2019,CA-502,"Oakland, Berkeley/Alameda County CoC",Sheltered and unsheltered,4040.0,2397.0,White,1279.0,898.0
2015,2019,CA-503,Sacramento City & County CoC,Sheltered and unsheltered,2659.0,948.0,White,1485.0,652.0
2015,2019,CA-600,Los Angeles City & County CoC,Sheltered and unsheltered,41174.0,28948.0,White,19514.0,13606.0
2015,2019,CA-601,San Diego City and County CoC,Sheltered and unsheltered,8742.0,4156.0,White,5704.0,2666.0
2015,2019,OR-501,"Portland, Gresham/Multnomah County CoC",Sheltered and unsheltered,3801.0,1887.0,White,2664.0,1363.0
2015,2019,WA-500,Seattle/King County CoC,Sheltered and unsheltered,10122.0,3803.0,White,4658.0,2073.0
2020,2020,CA-502,"Oakland, Berkeley/Alameda County CoC",Sheltered-Only Count,8137.0,6312.0,Black or African American,3831.0,2792.0
2020,2020,CA-503,Sacramento City & County CoC,Sheltered-Only Count,5511.0,3900.0,Black or African American,1829.0,1214.0
2020,2020,CA-600,Los Angeles City & County CoC,Sheltered and unsheltered,63706.0,46090.0,Black or African American,28998.0,19845.0
2020,2020,CA-601,San Diego City and County CoC,Sheltered and unsheltered,7638.0,3971.0,Black or African American,1904.0,821.0
2020,2020,OR-501,"Portland, Gresham/Multnomah County CoC",Sheltered-Only Count,4173.0,2037.0,Black or African American,590.0,253.0
2020,2020,WA-500,Seattle/King County CoC,Sheltered and unsheltered,11751.0,5578.0,Black or African American,2953.0,667.0
2019,2019,CA-502,"Oakland, Berkeley/Alameda County CoC",Sheltered and unsheltered,8022.0,6312.0,Black or African American,3792.0,2792.0
2019,2019,CA-503,Sacramento City & County CoC,Sheltered and unsheltered,5561.0,3900.0,Black or African American,1869.0,1214.0
2019,2019,CA-600,Los Angeles City & County CoC,Sheltered and unsheltered,56257.0,42471.0,Black or African American,23983.0,16646.0
2019,2019,CA-601,San Diego City and County CoC,Sheltered and unsheltered,8102.0,4476.0,Black or African American,1925.0,986.0
2019,2019,OR-501,"Portland, Gresham/Multnomah County CoC",Sheltered and unsheltered,4015.0,2037.0,Black or African American,568.0,253.0
2019,2019,WA-500,Seattle/King County CoC,Sheltered and unsheltered,11199.0,5228.0,Black or African American,3570.0,1250.0
2018,2019,CA-502,"Oakland, Berkeley/Alameda County CoC",Sheltered-Only Count,5496.0,3863.0,Black or African American,2722.0,1724.0
2018,2019,CA-503,Sacramento City & County CoC,Sheltered-Only Count,3621.0,2052.0,Black or African American,1114.0,481.0
2018,2019,CA-600,Los Angeles City & County CoC,Sheltered and unsheltered,49955.0,37570.0,Black or African American,21310.0,15043.0
2018,2019,CA-601,San Diego City and County CoC,Sheltered and unsheltered,8576.0,4990.0,Black or African American,2081.0,1172.0
2018,2019,OR-501,"Portland, Gresham/Multnomah County CoC",Sheltered-Only Count,4019.0,1668.0,Black or African American,527.0,153.0
2018,2019,WA-500,Seattle/King County CoC,Sheltered and unsheltered,12112.0,6320.0,Black or African American,3317.0,1112.0
2017,2019,CA-502,"Oakland, Berkeley/Alameda County CoC",Sheltered and unsheltered,5629.0,3863.0,Black or African American,2747.0,1724.0
2017,2019,CA-503,Sacramento City & County CoC,Sheltered and unsheltered,3665.0,2052.0,Black or African American,1124.0,481.0
2017,2019,CA-600,Los Angeles City & County CoC,Sheltered and unsheltered,52442.0,38470.0,Black or African American,26665.0,19669.0
2017,2019,CA-601,San Diego City and County CoC,Sheltered and unsheltered,9160.0,5621.0,Black or African American,2064.0,1188.0
2017,2019,OR-501,"Portland, Gresham/Multnomah County CoC",Sheltered and unsheltered,4177.0,1668.0,Black or African American,591.0,153.0
2017,2019,WA-500,Seattle/King County CoC,Sheltered and unsheltered,11643.0,5485.0,Black or African American,3402.0,1339.0
2016,2019,CA-502,"Oakland, Berkeley/Alameda County CoC",Sheltered-Only Count,4145.0,2397.0,Black or African American,2183.0,1148.0
2016,2019,CA-503,Sacramento City & County CoC,Sheltered-Only Count,2500.0,948.0,Black or African American,891.0,250.0
2016,2019,CA-600,Los Angeles City & County CoC,Sheltered and unsheltered,43854.0,32781.0,Black or African American,17187.0,12277.0
2016,2019,CA-601,San Diego City and County CoC,Sheltered and unsheltered,8669.0,4940.0,Black or African American,1836.0,927.0
2016,2019,OR-501,"Portland, Gresham/Multnomah County CoC",Sheltered-Only Count,3914.0,1887.0,Black or African American,585.0,257.0
2016,2019,WA-500,Seattle/King County CoC,Sheltered and unsheltered,10730.0,4505.0,Black or African American,3353.0,948.0
2015,2019,CA-502,"Oakland, Berkeley/Alameda County CoC",Sheltered and unsheltered,4040.0,2397.0,Black or African American,2143.0,1148.0
2015,2019,CA-503,Sacramento City & County CoC,Sheltered and unsheltered,2659.0,948.0,Black or African American,921.0,250.0
2015,2019,CA-600,Los Angeles City & County CoC,Sheltered and unsheltered,41174.0,28948.0,Black or African American,16906.0,11403.0
2015,2019,CA-601,San Diego City and County CoC,Sheltered and unsheltered,8742.0,4156.0,Black or African American,2045.0,913.0
2015,2019,OR-501,"Portland, Gresham/Multnomah County CoC",Sheltered and unsheltered,3801.0,1887.0,Black or African American,573.0,257.0
2015,2019,WA-500,Seattle/King County CoC,Sheltered and unsheltered,10122.0,3803.0,Black or African American,3340.0,664.0
2020,2020,CA-502,"Oakland, Berkeley/Alameda County CoC",Sheltered-Only Count,8137.0,6312.0,Asian,142.0,91.0
2020,2020,CA-503,Sacramento City & County CoC,Sheltered-Only Count,5511.0,3900.0,Asian,60.0,32.0
2020,2020,CA-600,Los Angeles City & County CoC,Sheltered and unsheltered,63706.0,46090.0,Asian,1168.0,975.0
2020,2020,CA-601,San Diego City and County CoC,Sheltered and unsheltered,7638.0,3971.0,Asian,115.0,53.0
2020,2020,OR-501,"Portland, Gresham/Multnomah County CoC",Sheltered-Only Count,4173.0,2037.0,Asian,47.0,18.0
2020,2020,WA-500,Seattle/King County CoC,Sheltered and unsheltered,11751.0,5578.0,Asian,244.0,98.0
2019,2019,CA-502,"Oakland, Berkeley/Alameda County CoC",Sheltered and unsheltered,8022.0,6312.0,Asian,126.0,91.0
2019,2019,CA-503,Sacramento City & County CoC,Sheltered and unsheltered,5561.0,3900.0,Asian,49.0,32.0
2019,2019,CA-600,Los Angeles City & County CoC,Sheltered and unsheltered,56257.0,42471.0,Asian,770.0,657.0
2019,2019,CA-601,San Diego City and County CoC,Sheltered and unsheltered,8102.0,4476.0,Asian,149.0,60.0
2019,2019,OR-501,"Portland, Gresham/Multnomah County CoC",Sheltered and unsheltered,4015.0,2037.0,Asian,47.0,18.0
2019,2019,WA-500,Seattle/King County CoC,Sheltered and unsheltered,11199.0,5228.0,Asian,433.0,247.0
2018,2019,CA-502,"Oakland, Berkeley/Alameda County CoC",Sheltered-Only Count,5496.0,3863.0,Asian,116.0,81.0
2018,2019,CA-503,Sacramento City & County CoC,Sheltered-Only Count,3621.0,2052.0,Asian,26.0,14.0
2018,2019,CA-600,Los Angeles City & County CoC,Sheltered and unsheltered,49955.0,37570.0,Asian,818.0,661.0
2018,2019,CA-601,San Diego City and County CoC,Sheltered and unsheltered,8576.0,4990.0,Asian,104.0,58.0
2018,2019,OR-501,"Portland, Gresham/Multnomah County CoC",Sheltered-Only Count,4019.0,1668.0,Asian,44.0,9.0
2018,2019,WA-500,Seattle/King County CoC,Sheltered and unsheltered,12112.0,6320.0,Asian,337.0,177.0
2017,2019,CA-502,"Oakland, Berkeley/Alameda County CoC",Sheltered and unsheltered,5629.0,3863.0,Asian,130.0,81.0
2017,2019,CA-503,Sacramento City & County CoC,Sheltered and unsheltered,3665.0,2052.0,Asian,24.0,14.0
2017,2019,CA-600,Los Angeles City & County CoC,Sheltered and unsheltered,52442.0,38470.0,Asian,893.0,773.0
2017,2019,CA-601,San Diego City and County CoC,Sheltered and unsheltered,9160.0,5621.0,Asian,192.0,136.0
2017,2019,OR-501,"Portland, Gresham/Multnomah County CoC",Sheltered and unsheltered,4177.0,1668.0,Asian,27.0,9.0
2017,2019,WA-500,Seattle/King County CoC,Sheltered and unsheltered,11643.0,5485.0,Asian,238.0,66.0
2016,2019,CA-502,"Oakland, Berkeley/Alameda County CoC",Sheltered-Only Count,4145.0,2397.0,Asian,107.0,64.0
2016,2019,CA-503,Sacramento City & County CoC,Sheltered-Only Count,2500.0,948.0,Asian,22.0,11.0
2016,2019,CA-600,Los Angeles City & County CoC,Sheltered and unsheltered,43854.0,32781.0,Asian,465.0,351.0
2016,2019,CA-601,San Diego City and County CoC,Sheltered and unsheltered,8669.0,4940.0,Asian,117.0,55.0
2016,2019,OR-501,"Portland, Gresham/Multnomah County CoC",Sheltered-Only Count,3914.0,1887.0,Asian,32.0,17.0
2016,2019,WA-500,Seattle/King County CoC,Sheltered and unsheltered,10730.0,4505.0,Asian,380.0,174.0
2015,2019,CA-502,"Oakland, Berkeley/Alameda County CoC",Sheltered and unsheltered,4040.0,2397.0,Asian,106.0,64.0
2015,2019,CA-503,Sacramento City & County CoC,Sheltered and unsheltered,2659.0,948.0,Asian,22.0,11.0
2015,2019,CA-600,Los Angeles City & County CoC,Sheltered and unsheltered,41174.0,28948.0,Asian,710.0,561.0
2015,2019,CA-601,San Diego City and County CoC,Sheltered and unsheltered,8742.0,4156.0,Asian,99.0,30.0
2015,2019,OR-501,"Portland, Gresham/Multnomah County CoC",Sheltered and unsheltered,3801.0,1887.0,Asian,38.0,17.0
2015,2019,WA-500,Seattle/King County CoC,Sheltered and unsheltered,10122.0,3803.0,Asian,291.0,104.0
2020,2020,CA-502,"Oakland, Berkeley/Alameda County CoC",Sheltered-Only Count,8137.0,6312.0,American Indian or Alaska Native,295.0,242.0
2020,2020,CA-503,Sacramento City & County CoC,Sheltered-Only Count,5511.0,3900.0,American Indian or Alaska Native,405.0,380.0
2020,2020,CA-600,Los Angeles City & County CoC,Sheltered and unsheltered,63706.0,46090.0,American Indian or Alaska Native,1449.0,1224.0
2020,2020,CA-601,San Diego City and County CoC,Sheltered and unsheltered,7638.0,3971.0,American Indian or Alaska Native,157.0,96.0
2020,2020,OR-501,"Portland, Gresham/Multnomah County CoC",Sheltered-Only Count,4173.0,2037.0,American Indian or Alaska Native,213.0,146.0
2020,2020,WA-500,Seattle/King County CoC,Sheltered and unsheltered,11751.0,5578.0,American Indian or Alaska Native,1753.0,1529.0
2019,2019,CA-502,"Oakland, Berkeley/Alameda County CoC",Sheltered and unsheltered,8022.0,6312.0,American Indian or Alaska Native,301.0,242.0
2019,2019,CA-503,Sacramento City & County CoC,Sheltered and unsheltered,5561.0,3900.0,American Indian or Alaska Native,421.0,380.0
2019,2019,CA-600,Los Angeles City & County CoC,Sheltered and unsheltered,56257.0,42471.0,American Indian or Alaska Native,2037.0,1855.0
2019,2019,CA-601,San Diego City and County CoC,Sheltered and unsheltered,8102.0,4476.0,American Indian or Alaska Native,237.0,168.0
2019,2019,OR-501,"Portland, Gresham/Multnomah County CoC",Sheltered and unsheltered,4015.0,2037.0,American Indian or Alaska Native,257.0,146.0
2019,2019,WA-500,Seattle/King County CoC,Sheltered and unsheltered,11199.0,5228.0,American Indian or Alaska Native,1161.0,841.0
2018,2019,CA-502,"Oakland, Berkeley/Alameda County CoC",Sheltered-Only Count,5496.0,3863.0,American Indian or Alaska Native,182.0,134.0
2018,2019,CA-503,Sacramento City & County CoC,Sheltered-Only Count,3621.0,2052.0,American Indian or Alaska Native,168.0,131.0
2018,2019,CA-600,Los Angeles City & County CoC,Sheltered and unsheltered,49955.0,37570.0,American Indian or Alaska Native,1211.0,1026.0
2018,2019,CA-601,San Diego City and County CoC,Sheltered and unsheltered,8576.0,4990.0,American Indian or Alaska Native,285.0,234.0
2018,2019,OR-501,"Portland, Gresham/Multnomah County CoC",Sheltered-Only Count,4019.0,1668.0,American Indian or Alaska Native,223.0,121.0
2018,2019,WA-500,Seattle/King County CoC,Sheltered and unsheltered,12112.0,6320.0,American Indian or Alaska Native,398.0,239.0
2017,2019,CA-502,"Oakland, Berkeley/Alameda County CoC",Sheltered and unsheltered,5629.0,3863.0,American Indian or Alaska Native,168.0,134.0
2017,2019,CA-503,Sacramento City & County CoC,Sheltered and unsheltered,3665.0,2052.0,American Indian or Alaska Native,179.0,131.0
2017,2019,CA-600,Los Angeles City & County CoC,Sheltered and unsheltered,52442.0,38470.0,American Indian or Alaska Native,1569.0,1243.0
2017,2019,CA-601,San Diego City and County CoC,Sheltered and unsheltered,9160.0,5621.0,American Indian or Alaska Native,288.0,224.0
2017,2019,OR-501,"Portland, Gresham/Multnomah County CoC",Sheltered and unsheltered,4177.0,1668.0,American Indian or Alaska Native,234.0,121.0
2017,2019,WA-500,Seattle/King County CoC,Sheltered and unsheltered,11643.0,5485.0,American Indian or Alaska Native,697.0,379.0
2016,2019,CA-502,"Oakland, Berkeley/Alameda County CoC",Sheltered-Only Count,4145.0,2397.0,American Indian or Alaska Native,121.0,76.0
2016,2019,CA-503,Sacramento City & County CoC,Sheltered-Only Count,2500.0,948.0,American Indian or Alaska Native,37.0,5.0
2016,2019,CA-600,Los Angeles City & County CoC,Sheltered and unsheltered,43854.0,32781.0,American Indian or Alaska Native,903.0,817.0
2016,2019,CA-601,San Diego City and County CoC,Sheltered and unsheltered,8669.0,4940.0,American Indian or Alaska Native,194.0,134.0
2016,2019,OR-501,"Portland, Gresham/Multnomah County CoC",Sheltered-Only Count,3914.0,1887.0,American Indian or Alaska Native,206.0,105.0
2016,2019,WA-500,Seattle/King County CoC,Sheltered and unsheltered,10730.0,4505.0,American Indian or Alaska Native,611.0,409.0
2015,2019,CA-502,"Oakland, Berkeley/Alameda County CoC",Sheltered and unsheltered,4040.0,2397.0,American Indian or Alaska Native,104.0,76.0
2015,2019,CA-503,Sacramento City & County CoC,Sheltered and unsheltered,2659.0,948.0,American Indian or Alaska Native,56.0,5.0
2015,2019,CA-600,Los Angeles City & County CoC,Sheltered and unsheltered,41174.0,28948.0,American Indian or Alaska Native,1458.0,1279.0
2015,2019,CA-601,San Diego City and County CoC,Sheltered and unsheltered,8742.0,4156.0,American Indian or Alaska Native,270.0,179.0
2015,2019,OR-501,"Portland, Gresham/Multnomah County CoC",Sheltered and unsheltered,3801.0,1887.0,American Indian or Alaska Native,214.0,105.0
2015,2019,WA-500,Seattle/King County CoC,Sheltered and unsheltered,10122.0,3803.0,American Indian or Alaska Native,489.0,314.0
2020,2020,CA-502,"Oakland, Berkeley/Alameda County CoC",Sheltered-Only Count,8137.0,6312.0,Native Hawaiian or Other Pacific Islander,124.0,91.0
2020,2020,CA-503,Sacramento City & County CoC,Sheltered-Only Count,5511.0,3900.0,Native Hawaiian or Other Pacific Islander,128.0,112.0
2020,2020,CA-600,Los Angeles City & County CoC,Sheltered and unsheltered,63706.0,46090.0,Native Hawaiian or Other Pacific Islander,397.0,289.0
2020,2020,CA-601,San Diego City and County CoC,Sheltered and unsheltered,7638.0,3971.0,Native Hawaiian or Other Pacific Islander,102.0,67.0
2020,2020,OR-501,"Portland, Gresham/Multnomah County CoC",Sheltered-Only Count,4173.0,2037.0,Native Hawaiian or Other Pacific Islander,62.0,31.0
2020,2020,WA-500,Seattle/King County CoC,Sheltered and unsheltered,11751.0,5578.0,Native Hawaiian or Other Pacific Islander,415.0,197.0
2019,2019,CA-502,"Oakland, Berkeley/Alameda County CoC",Sheltered and unsheltered,8022.0,6312.0,Native Hawaiian or Other Pacific Islander,128.0,91.0
2019,2019,CA-503,Sacramento City & County CoC,Sheltered and unsheltered,5561.0,3900.0,Native Hawaiian or Other Pacific Islander,123.0,112.0
2019,2019,CA-600,Los Angeles City & County CoC,Sheltered and unsheltered,56257.0,42471.0,Native Hawaiian or Other Pacific Islander,705.0,616.0
2019,2019,CA-601,San Diego City and County CoC,Sheltered and unsheltered,8102.0,4476.0,Native Hawaiian or Other Pacific Islander,102.0,68.0
2019,2019,OR-501,"Portland, Gresham/Multnomah County CoC",Sheltered and unsheltered,4015.0,2037.0,Native Hawaiian or Other Pacific Islander,64.0,31.0
2019,2019,WA-500,Seattle/King County CoC,Sheltered and unsheltered,11199.0,5228.0,Native Hawaiian or Other Pacific Islander,391.0,240.0
2018,2019,CA-502,"Oakland, Berkeley/Alameda County CoC",Sheltered-Only Count,5496.0,3863.0,Native Hawaiian or Other Pacific Islander,41.0,27.0
2018,2019,CA-503,Sacramento City & County CoC,Sheltered-Only Count,3621.0,2052.0,Native Hawaiian or Other Pacific Islander,34.0,10.0
2018,2019,CA-600,Los Angeles City & County CoC,Sheltered and unsheltered,49955.0,37570.0,Native Hawaiian or Other Pacific Islander,464.0,239.0
2018,2019,CA-601,San Diego City and County CoC,Sheltered and unsheltered,8576.0,4990.0,Native Hawaiian or Other Pacific Islander,123.0,93.0
2018,2019,OR-501,"Portland, Gresham/Multnomah County CoC",Sheltered-Only Count,4019.0,1668.0,Native Hawaiian or Other Pacific Islander,66.0,19.0
2018,2019,WA-500,Seattle/King County CoC,Sheltered and unsheltered,12112.0,6320.0,Native Hawaiian or Other Pacific Islander,318.0,110.0
2017,2019,CA-502,"Oakland, Berkeley/Alameda County CoC",Sheltered and unsheltered,5629.0,3863.0,Native Hawaiian or Other Pacific Islander,42.0,27.0
2017,2019,CA-503,Sacramento City & County CoC,Sheltered and unsheltered,3665.0,2052.0,Native Hawaiian or Other Pacific Islander,31.0,10.0
2017,2019,CA-600,Los Angeles City & County CoC,Sheltered and unsheltered,52442.0,38470.0,Native Hawaiian or Other Pacific Islander,342.0,233.0
2017,2019,CA-601,San Diego City and County CoC,Sheltered and unsheltered,9160.0,5621.0,Native Hawaiian or Other Pacific Islander,138.0,98.0
2017,2019,OR-501,"Portland, Gresham/Multnomah County CoC",Sheltered and unsheltered,4177.0,1668.0,Native Hawaiian or Other Pacific Islander,71.0,19.0
2017,2019,WA-500,Seattle/King County CoC,Sheltered and unsheltered,11643.0,5485.0,Native Hawaiian or Other Pacific Islander,259.0,72.0
2016,2019,CA-502,"Oakland, Berkeley/Alameda County CoC",Sheltered-Only Count,4145.0,2397.0,Native Hawaiian or Other Pacific Islander,30.0,11.0
2016,2019,CA-503,Sacramento City & County CoC,Sheltered-Only Count,2500.0,948.0,Native Hawaiian or Other Pacific Islander,36.0,7.0
2016,2019,CA-600,Los Angeles City & County CoC,Sheltered and unsheltered,43854.0,32781.0,Native Hawaiian or Other Pacific Islander,262.0,174.0
2016,2019,CA-601,San Diego City and County CoC,Sheltered and unsheltered,8669.0,4940.0,Native Hawaiian or Other Pacific Islander,128.0,71.0
2016,2019,OR-501,"Portland, Gresham/Multnomah County CoC",Sheltered-Only Count,3914.0,1887.0,Native Hawaiian or Other Pacific Islander,73.0,30.0
2016,2019,WA-500,Seattle/King County CoC,Sheltered and unsheltered,10730.0,4505.0,Native Hawaiian or Other Pacific Islander,263.0,110.0
2015,2019,CA-502,"Oakland, Berkeley/Alameda County CoC",Sheltered and unsheltered,4040.0,2397.0,Native Hawaiian or Other Pacific Islander,43.0,11.0
2015,2019,CA-503,Sacramento City & County CoC,Sheltered and unsheltered,2659.0,948.0,Native Hawaiian or Other Pacific Islander,34.0,7.0
2015,2019,CA-600,Los Angeles City & County CoC,Sheltered and unsheltered,41174.0,28948.0,Native Hawaiian or Other Pacific Islander,133.0,0.0
2015,2019,CA-601,San Diego City and County CoC,Sheltered and unsheltered,8742.0,4156.0,Native Hawaiian or Other Pacific Islander,159.0,79.0
2015,2019,OR-501,"Portland, Gresham/Multnomah County CoC",Sheltered and unsheltered,3801.0,1887.0,Native Hawaiian or Other Pacific Islander,56.0,30.0
2015,2019,WA-500,Seattle/King County CoC,Sheltered and unsheltered,10122.0,3803.0,Native Hawaiian or Other Pacific Islander,239.0,70.0
2020,2020,CA-502,"Oakland, Berkeley/Alameda County CoC",Sheltered-Only Count,8137.0,6312.0,Multiple Races,1159.0,986.0
2020,2020,CA-503,Sacramento City & County CoC,Sheltered-Only Count,5511.0,3900.0,Multiple Races,523.0,394.0
2020,2020,CA-600,Los Angeles City & County CoC,Sheltered and unsheltered,63706.0,46090.0,Multiple Races,2458.0,1903.0
2020,2020,CA-601,San Diego City and County CoC,Sheltered and unsheltered,7638.0,3971.0,Multiple Races,303.0,119.0
2020,2020,OR-501,"Portland, Gresham/Multnomah County CoC",Sheltered-Only Count,4173.0,2037.0,Multiple Races,403.0,201.0
2020,2020,WA-500,Seattle/King County CoC,Sheltered and unsheltered,11751.0,5578.0,Multiple Races,728.0,191.0
2019,2019,CA-502,"Oakland, Berkeley/Alameda County CoC",Sheltered and unsheltered,8022.0,6312.0,Multiple Races,1159.0,986.0
2019,2019,CA-503,Sacramento City & County CoC,Sheltered and unsheltered,5561.0,3900.0,Multiple Races,494.0,394.0
2019,2019,CA-600,Los Angeles City & County CoC,Sheltered and unsheltered,56257.0,42471.0,Multiple Races,2610.0,2251.0
2019,2019,CA-601,San Diego City and County CoC,Sheltered and unsheltered,8102.0,4476.0,Multiple Races,312.0,94.0
2019,2019,OR-501,"Portland, Gresham/Multnomah County CoC",Sheltered and unsheltered,4015.0,2037.0,Multiple Races,375.0,201.0
2019,2019,WA-500,Seattle/King County CoC,Sheltered and unsheltered,11199.0,5228.0,Multiple Races,902.0,373.0
2018,2019,CA-502,"Oakland, Berkeley/Alameda County CoC",Sheltered-Only Count,5496.0,3863.0,Multiple Races,805.0,657.0
2018,2019,CA-503,Sacramento City & County CoC,Sheltered-Only Count,3621.0,2052.0,Multiple Races,479.0,346.0
2018,2019,CA-600,Los Angeles City & County CoC,Sheltered and unsheltered,49955.0,37570.0,Multiple Races,1532.0,1506.0
2018,2019,CA-601,San Diego City and County CoC,Sheltered and unsheltered,8576.0,4990.0,Multiple Races,396.0,177.0
2018,2019,OR-501,"Portland, Gresham/Multnomah County CoC",Sheltered-Only Count,4019.0,1668.0,Multiple Races,361.0,141.0
2018,2019,WA-500,Seattle/King County CoC,Sheltered and unsheltered,12112.0,6320.0,Multiple Races,1953.0,1374.0
2017,2019,CA-502,"Oakland, Berkeley/Alameda County CoC",Sheltered and unsheltered,5629.0,3863.0,Multiple Races,832.0,657.0
2017,2019,CA-503,Sacramento City & County CoC,Sheltered and unsheltered,3665.0,2052.0,Multiple Races,490.0,346.0
2017,2019,CA-600,Los Angeles City & County CoC,Sheltered and unsheltered,52442.0,38470.0,Multiple Races,1884.0,1017.0
2017,2019,CA-601,San Diego City and County CoC,Sheltered and unsheltered,9160.0,5621.0,Multiple Races,778.0,570.0
2017,2019,OR-501,"Portland, Gresham/Multnomah County CoC",Sheltered and unsheltered,4177.0,1668.0,Multiple Races,374.0,141.0
2017,2019,WA-500,Seattle/King County CoC,Sheltered and unsheltered,11643.0,5485.0,Multiple Races,1794.0,961.0
2016,2019,CA-502,"Oakland, Berkeley/Alameda County CoC",Sheltered-Only Count,4145.0,2397.0,Multiple Races,372.0,200.0
2016,2019,CA-503,Sacramento City & County CoC,Sheltered-Only Count,2500.0,948.0,Multiple Races,149.0,23.0
2016,2019,CA-600,Los Angeles City & County CoC,Sheltered and unsheltered,43854.0,32781.0,Multiple Races,1822.0,1510.0
2016,2019,CA-601,San Diego City and County CoC,Sheltered and unsheltered,8669.0,4940.0,Multiple Races,930.0,767.0
2016,2019,OR-501,"Portland, Gresham/Multnomah County CoC",Sheltered-Only Count,3914.0,1887.0,Multiple Races,380.0,115.0
2016,2019,WA-500,Seattle/King County CoC,Sheltered and unsheltered,10730.0,4505.0,Multiple Races,1154.0,586.0
2015,2019,CA-502,"Oakland, Berkeley/Alameda County CoC",Sheltered and unsheltered,4040.0,2397.0,Multiple Races,365.0,200.0
2015,2019,CA-503,Sacramento City & County CoC,Sheltered and unsheltered,2659.0,948.0,Multiple Races,141.0,23.0
2015,2019,CA-600,Los Angeles City & County CoC,Sheltered and unsheltered,41174.0,28948.0,Multiple Races,2453.0,2099.0
2015,2019,CA-601,San Diego City and County CoC,Sheltered and unsheltered,8742.0,4156.0,Multiple Races,465.0,289.0
2015,2019,OR-501,"Portland, Gresham/Multnomah County CoC",Sheltered and unsheltered,3801.0,1887.0,Multiple Races,256.0,115.0
2015,2019,WA-500,Seattle/King County CoC,Sheltered and unsheltered,10122.0,3803.0,Multiple Races,1105.0,578.0
